{
    "train_losses": [
        0.2739077792474718,
        0.150108830172879,
        0.14068938123457359,
        0.12489015143929105,
        0.10527964979410172,
        0.09767478473597403,
        0.08307762653990225,
        0.07514678090951885,
        0.07800585941101114,
        0.07553767943754792
    ],
    "val_losses": [
        0.16432178738926137,
        0.15686282329261303,
        0.13308112981862255,
        0.13115695744220698,
        0.12205449857615999,
        0.09850415900083524,
        0.08780142728106252,
        0.12220998973186527,
        0.09313459361770324,
        0.08828340570575424
    ],
    "train_accuracies": [
        0.8133688821176919,
        0.9106836792991811,
        0.9196343553608837,
        0.925918872595696,
        0.9402018663111789,
        0.9422967053894497,
        0.9504856217863265,
        0.9554370596076938,
        0.9527709007808036,
        0.9558179394401066
    ],
    "val_accuracies": [
        0.9156214367160775,
        0.9304446978335233,
        0.9521094640820981,
        0.9486887115165337,
        0.9589509692132269,
        0.9543899657924744,
        0.9600912200684151,
        0.9555302166476625,
        0.9600912200684151,
        0.9600912200684151
    ],
    "train_recalls": [
        0.8305934800780161,
        0.9041515742546671,
        0.9144608526051825,
        0.9230983560880468,
        0.9400947339091669,
        0.941766508776818,
        0.9509612705488995,
        0.9556979660072443,
        0.9534689328503761,
        0.9579269991641126
    ],
    "val_recalls": [
        0.896875,
        0.91875,
        0.9546875,
        0.9453125,
        0.9703125,
        0.9734375,
        0.9640625,
        0.9546875,
        0.965625,
        0.975
    ]
}